,
天主教祟德英文書院,Shung Tak Catholic English College
建築管理,Building Management
解決問題的能力,Ability to solve problems
電話鋪,Phone Shop
用心,Intention
社交能力,Social skills
能長時間工作,Can work long hours
nthykyldss,nthykyldss
願意學習,Willing to learn
agant,act
誠信,Honesty
圖書館管理員,Librarian
語言技巧,Language skills
對人有禮,Human polite
行政助理,Administrative Assistant
有能力,able
天水圍香島中學,Tin Shui Wai Heung To Middle School
SPHRC,SPHRC
團隊能力,Team Capability
(母親)家庭主婦,(Mother) housewife
　侍應,Waiter
KTLS,KTLS
灵活應變,Flexibility
屯官中TMGSS,Village officials in TMGSS
工作經驗多,Experience more
唔係廢青,You agree Waste Green
勇氣,courage
房屋事務副經理,Housing Assistant Manager
觀察力,Observation
電腦維修員,Computer maintenance worker
建築業,Building industry
賽馬會毅智書院,Race Mahui Yi Chi College
去世,Die
HKMAKSL ,HKMAKSL
你的自信,Your self-confidence
HKSASPS,HKSASPS
人面廣,Wide human face
智力,intelligence
繪畫,painting
"學生,跆拳道助教","Students, taekwondo assistant"
木工,Carpenter
適應力,Resilience
TLMASS,TLMASS
副經理,Assistant Manager
天水圍循道衛理中學,Tin Shui Wai Methodist College
十八鄉鄉事委員會公益社中學,Kung Yik She Secondary School
TSTSS,TSTSS
面試技巧,Interview Tips
有自信,Have confidence
18鄉,18 township
有樣,A kind
樂觀,optimism
才能,Ability
天官中,Day official in
學生 侍應,Student Waiter
臨危不懼,Linweibuju
CCCKEIYUENCOLLEGE ,CCCKEIYUENCOLLEGE
OUHK,OUHK
聰敏,Smart
能言善辨,Articulate identified
那職業的知識,Knowledge that professional
興趣班教師,Interest groups of teachers
元朗商會中學,Yuen Long Merchants Association Secondary School
過往經驗,Past experience
TJcec,TJcec
教職人員,Teaching staff
態度好,Good attitude
助理經理,Assistant Manager
進退有度,There are degrees of advance and retreat
STC,STC
電訊,telecommunications
TWGHLKTMC,TWGHLKTMC
15,15
不怕發問,Not afraid to ask questions
翁祐,OuYu
讀過多方面科目,Read many subjects
神,God
不會因為了錢而才有這份工作,Not because of the money and have the job
開心,Happy
HKIT,HKIT
電腦程式管理,Computer program management
用功,Diligent
文龍,Wenlong
溝通力,Ability to communicate
能OT,能 OT
promblem soluing skill,promblem skill soluing
有協作能力,There collaboration
LKKC,LKKC
有心做,Determined to do
"侍應, 兼職","Waiter, part-time"
索,Search
園藝工人,Horticulture worker
油漆,paint
自身專業,Their professional
唐賓南,Bunnan Tong
勤力,Hardworking
錢,money
活潑,Lively
服從性,Obedience
中大,Chuo University
st.Mary's canossian college/公開大學,St. Mary&#39;s Canossian College / 公開 大學
奬項,Awards
HKBA,HKBA
PARTIME,Partime
天循中,Day cycle in
運輸物業,Transport Property
鑽杖,Drill rod
廚師,chef
巴士司機,Bus drivers
羅桂祥,KS Lo
機電,Electromechanical
測量師,measurer
ENGINCER,ENGINCER
英華書院,Ying Wa College
MIKLS of MFBM,Puzzles of MFBM
董事,director
TSWGSS,TSWGSS
有效率,productive
marykroll fathers schol,Mary Kroll fathers plaice
謙卑,humble
領袖能力,Leadership skills
十八鄉中學,Shap Pat Heung Secondary School
兼職服務員,Part-time staff
上進心,Motivated
學習能力,Learning ability
TMGSS,TMGSS
母親,mother
賽馬會毅智 ,Race Mahui Yi Chi
用事能力,Errands ability
人際關係,Interpersonal
Figare,Figare
真理大學(台灣),Truth University (Taiwan)
刻苦,Assiduous
妙法寺劉金龍中學,Lotus Temple Middle School Liu Jinlong
LCLC,LCLC
想法,idea
HYKSS,HYKSS
唔講,Well talk
維電人員,Victoria electrical workers
學歷/經驗,Education / Experience
普通話好,Mandarin Good
高學歷,Highly educated
tJCEC,tJCEC
吳祥川,SC Gaw
伊中中,Iran and the
酒店房務,Hotel Room Service
陳呂重德,Chan Lui Chung Tak
親和力,Affinity
履歷,Record
笑容,Smile
(工場導師)退休,(Workshop tutor) Retirement
應變力強,Strain and strong
何b,What b
聰明,clever
STFAYYC,STFAYYC
謹慎,cautious
仁濟二中,Renji II
commuication skill,commuication style
名牌採購,Brand purchase
交流,communicate with
身形,Stature
快餐店PARTIME,Snack PARTIME
元朗官立中學,Yuen Long Government Secondary School
MAMA,MAMA
自信心強,Strong self-confidence
個人技能,personal skills
表現,which performed
chef,chief
法文,French
了解工作性質,Understanding the nature of work
工作,jobs
歉虛,Virtual apology
親切有禮,Cordial and polite
PKC,PKC
　市務經理,Marketing Manager
driber,driber
效率快,Fast Efficiency
人生經驗,Life experience
kss,kss
有大學學會,There Society University
堅強,strong
經營店舖,Business Store
NTHYKYLASS,NTHYKYLASS
靚,Liang
應付能力,Ability to cope
工作態度,Work attitude
電梯維修,Elevator Repair
orpcotnion,orpcotnion
QESOSTKWSS,QESOSTKWSS
JKC,JKC
全職打雜,Full Daza
協助,assist
畫師，唱見，小説家,"Artist, singing See novelist"
機電工,Electrical and Mechanical Engineering
私補,I complement
有尃長,There 尃 long
效率高,High efficiency
出錯小,Small mistakes
耀道,Yao Dao
具高速的工作效率,With the efficiency of a high-speed
才華,Talent
清潔,clean
品行,conduct
精明,shrewd
技術員,technician
學校IT,School IT
lifegrad,lifegrad
"學生,私人補習","Students, private tutoring"
理解和表達能力好,Good understanding and skills
"兼職waitress,補習","Part-time waitress, tuition"
百周年李兆忠,Centenary Li Shiu Chung
速度,speed
勇於助人,The courage to help others
嫲,Ma
適應能力強,Adaptable
TYT,TITLE
CCCKLC,CCCKLC
中華基督教青年會中學,Chinese YMCA Secondary School
思考,Think
沈香林,Chen Xiang Lin
盧幹庭,Lu Ting dry
良好人際關係,Good Relationships
批發,wholesale
HKU,Hku
製衣,Clothing
工廠技術院,Plant Technology Institute
團隊合作精神,spirit of teamwork
元中,ELEMENT
帥氣,Handsome
付出,Pay
資源再生總裁,President of renewable resources
識變通,Knowledge work
性能力,Sexuality
溝通技巧,Communication Skills
積極進取,Proactive
有愛心,Loving
物業,Property
美甲,Nail
競爭力,Competitiveness
元朗裘錦秋中學,Yuen Long Ju Ching Chu Secondary School
自信及溝通技巧,Self-confidence and communication skills
盧幹庭紀念中學,Lo Kon Ting Memorial College
陪同,Accompany
薪金,Salary
自信,confidence
家庭工作,Home Work
幼兒園老師,Kindergarten teacher
有誠信,Integrity
刻苦耐勞,Assiduousness
自由工作者,free-lancer
底盤,Chassis
KYS,KISS
百生,100 Health
李升小學,Li Sing Primary School
中醫,Traditional Chinese
酒店從業人員,Hotel employees
會計,accounting
KLC,KLC
有勤奮良好的態度,There are hard-working good attitude
大學,the University
會計／秘書,Accounting / Secretary
求學,Attend school
隨機應變,Resourceful
17,17
做事認真,work diligently
小老闆,Small business owners
四肢健全,Bodied
個人自信,Self-confidence
TMCASS,TMCASS
管理人員,manager
會尊重他人,Will respect others
室內設計師,interior designer
有咩技能,Youmie Skills
易相處,Easy going
Twc,TWC
飛機維修,Aircraft Maintenance
電腦技能,Computer skills
盡力,Try
affite,affite
中一學生,One students
完成大學課程,Complete university courses
懂應變,Understand the strain
友好/善,Friendly / Good
溝通強,Strong communication
人品好(待人有禮),Good character (polite)
"補習老師,學生",Tutors and students
東華三院邱子田,TWGHs Qiu Zaitian
有智慧,Wisdom
態度,attitude
呂明才,Lui Ming Choi
負責心,Responsible for heart
樹仁大學,Shue Yan University
行政,administrative
資歷背景,Background Background
心態,Mentality
聖公會白約翰會智中學,Anglican John White will Chi Secondary School
茶樓主任,Restaurant director
你的技能,Your skills
義工經理,Volunteer Manager
"想不到,","Unexpectedly,"
盡心,Dedication
護士,nurse
醒目,Eye-catching
準時收工,Knock off time
商務,Business
HKMAKSLO Collega,HKMAKSLO Colleague
的士,Taxi
商,Business
才能學歷,To education
國際,International
KLC基朗,KLC 基朗
辦事有效率,Work efficiency
自主,Autonomous
崇真書院,Tsung Tsin College
飛機師,pilot
趙聿修紀念中學,Chiu Lut Sau Memorial Secondary School
認真的態度,Seriously
學生，兼職,"Students, part-time"
愛説話,I love narrative
教授,professor
水喉維修,Plumbing repair
MLLSS ,MLLSS
胖,fat
大腦,brain
人際交往,Interpersonal
東華三院甲寅年總理中學,Twghs Kap Yan Directors&#39; College
SHUNG TAK CATHLIC ENGLISH CONEAGE,SHUNG TAK CATHLIC ENGLISH CONEAGE
管理員,administrator
有擔當,Have to play
十八鄉公益社,Shap Pat Heung welfare agency
建築,building
飲食,diet
YMCA,YMCA
博愛醫院鄧佩瓊中學,Pok Oi Hospital Tang Pui King Middle School
元朗信義,Yuen Long Lutheran
西餅,Bakery
識得變通,Know the work
elchkyllss,elchkyllss
立動,Li move
你的身高,Your height
收銀員,Cashier
人際關係良好,Good interpersonal relations
snles,snles
有天資,Gifted
毅智,Yi Chi
校車保母管理人,Child school bus manager
從商,From suppliers
妙法寺劉金龍,Lotus Temple Liu Jinlong
有良好表達技巧,Good presentation skills
直接,direct
改衫,Change shirt
有家庭,Family
新會商會中學,Xinhui Chamber of Commerce Secondary School
解壓,Unzip
珠寶,Jewelry
CCCU,CCCU
有冷氣,Air-conditioned
經理,manager
SBH,SBH
PLKTYTC,PLKTYTC
一樣,same
radiographer,radiographer
中文水平,Chinese Level
樣,kind
problem sloving skills,problem sloving skills
中文大學,Chinese University
TSWME,TSWME
微笑,smile
後生,Epigenetic
法律知識,Legal knowledge
乖,Good ~
說服力,Persuasiveness
好效能,Good Effectiveness
熱情,enthusiasm
inspare,inspare
搬貨,Move cargo
肯學習,Willing to learn
伯裘,Bo Qiu
美客僱問,US passenger counselor
家庭全,The whole family
香港潮陽小學,Hong Kong Chaoyang Elementary School
獨立處事,Work independently
恒高管理學院,Constant high School of Management
天水圍香島,Tin Shui Wai Island
LKC,LKC
有才能,talented
HLC,HLC
價值觀,Values
媽咪,Mummy
盡忠,Loyal
法律,legal
TCUMC,TCUMC
理髮師,barber
情商,EQ
測量,measuring
中小企業老闆,SME owners
TSWMC,TSWMC
SF ,SF
行政人員,Administrative staff
燒味佬,Roast guy
汽車技工,Car mechanic
護理人員,Nurses
務實,pragmatic
開心工作,Happy Work
裝修師父,Decoration master
多朋友,Many friends
唔遲到,Well late
SKH．BBS,SKH.BBS
SKLI ,SLIP
麥當勞,McDonald&#39;s
水喉,Plumbing
有DREAM,There DREAM
建造,put up
全職廢青,Full-time Green Waste
中學教師,Secondary School Teachers
工作效率,work efficiency
工作表現,working performance
大學生及兼職,Students and part-time
保安員,security guard
伊利沙伯湯國華中學,Queen Elizabeth Tong Kwok Wah Secondary School
沙田IVE,IVE Shatin
地產,estate
清楚,clear
文職,civilian
TKC,TKC
Shung Tak,Shung Tak
尊重,respect
補習老師,Tuition teacher
M記,M Hutchison
文書工作,Paperwork
CJCEC,CJCEC
容易與人相處,Easy to get along with people
智商高,High IQs
香港教育學院,Hong Kong Institute of Education
性別,gender
TSWGPS,TSWGPS
電煤工人,Coal workers
交通,traffic
步持經驗,Step support experience
不挑剔,Not picky
學教育,Education
東華三院郭一偉中學,TWGHs Guo Yiwei high school
待業,Unemployed
機械操作員,Machine operator
勇敢,Brave
不知,Unknown
幼師,Teachers
儀容端正,Correct appearance
健談,Talkative
泥水工人,Plasterers people
熱誠,Sincere
高效率,high efficiency
CANOSSA COLLAGE,CANOSSA COLLAGE
有信用,There are credit
話頭醒尾,Buddist wake tail
廣告,advertising
muty-fasking,mutY fasking
可以成日OT,OT can Chengri
能管理人,Energy manager
東華三院吳祥川紀念中學,TWGHs SC Gaw Memorial College
管理能力,Management capabilities
真誠,sincere
大方,generous
自立,Self-reliance
主動／積極,Active / active
中學生,middle School student
BTEC,BTEC
英文,English
LKL,LKL
HKBM,HKBM
毅智書院,Yi Chi College
SPH,SPH
開朗,Cheerful
HKUSPACE,HKUSPACE
積極,positive
農業主意,Agricultural idea
良好溝通能力,Good communication skills
合作性強,Strong cooperation
信義,Lutheran
Lingnan University,Lingnan University
KSK,KSK
鄧兆棠,Tang Siu-tong
BMFMC,BMFMC
責任心強,conscientious
主婦,housewife
嶺大社區學院,Big Ridge Community College
車長,Car length
笑容多,Smile more
德蘭中學,Teresa High School
牛津大學,Oxford university
已退休,retired
品德好,Good moral character
態度和善,Good attitude
律師,lawyer
HKFYG,HKFYG
才智,Ability and wisdom
JCCJS,JCCJS
勇敢承擔,Brave bear
"保險,學生","Insurance, student"
商人,businessman
Salor,Cartridge
機器維修,Machine maintenance
歌唱技巧,Singing skills
水電,Hydropower
有禮,Polite
宅,Residence
家庭主婦,housewife
有交代/負責任,There are accountable / responsible
醫院,hospital
操行,conduct
TRASPORTATION,Trasportation
品性好,Good moral character
專注,Focus
隆了胸,Long the chest
餐廳侍應,Restaurant waiter
抗壓/抗逆力,Compression / resilience
放棄,give up
賣海鮮,Selling seafood
陳瑞芝,SC Chan
明愛中學,Caritas Secondary School
態度謙卑,Humility
政府司機,Government drivers
樣貌,Appearance
肯做,Willing to do
有工作能力,Able to work
對人工要求,Artificial requirements
培聖,Pei St.
英語能力,English ability
倉務校工,Warehouse janitors
行政主管,Administrative
自知,Knowing
服務員,Waiter
護理員,Care Worker
聽話,obedient
領導材能,Leadership Caineng
張萱昌,Zhang Xuan Chang
東華三院郭一美中學,Tung Wah Kwok US high school
TYTC,TYTC
東三三院郭一菶中學,East Third Fengsheng Kwok Wah Secondary School
賣化妝品,Selling cosmetics
保良局志豪小學,PLK Horizon East Primary School
獨立處理能力,Independent handling capacity
NTHYKYLPSS,NTHYKYLPSS
上門補習,Home tutoring
有好學歷,Have a good education
wairer,wairer
屯門官立中學,Tuen Mun Government Secondary School
元朗公立中學,Yuen Long Public Secondary School
加拿大神召會嘉智中學,Canadian Assembly of God Ka Chi Secondary School
外語教師,Foreign Language Teachers
李兆基書院,Lee Shau Kee College
哈利,Harry
努力上進,To make progress
有笑容,Smiles
辛苦,hard
視藝,Visual Arts
taient,were
ALC,ALC
消防員,Firemen
電腦主任,Computer Director
承擔,bear
講師,Lecturer
PLKLSP,PLKLSP
忠誠,loyalty
punctnal,punctnal
藥劑,Pharmacy
堅持,adhere to
TJCEL,TJCEL
PLKTYTK,PLKTYTK
地工,To work
地勤,Ground
肯學肯捱,Willing to learn willing to endure
與行業相關的知識,And industry-related knowledge
跳舞,dancing
樣好,Like good
專長,Specialty
"學生,兼職包裝","Students, part-time packing"
媒體,media
聽取別人意見,Listen to the opinions of others
外貌很好,Looks good
退休人員,Retirees
保險,Insurance
三行工人,Three rows of workers
"學生, 待應",Students should be
圖書館資料管理,Library Information Management
TGWML,TGWML
YLLSS,YLLSS
三行,Three rows
變數快,Variable fast
旅行社,Travel agencies
船長,captain
promotor,district Attorney
PLICEMAN,PLICEMAN
負任感,Any negative sense
獨立工作能力,Ability to work independently
品德,Morality
傷殘,Disabled
辦事效率高,High efficiency
建築設計助手,Architectural Design Assistant
respanible,respanible
打工,Working
荿峍,Cheng Lu
外面,outside
studnet,studnet
HNC,HNC
專業,Professionals
人品,Character
才幹,competence
"自律,自發","Self-discipline, self"
保守,Conservatism
RCCSS,RCCSS
邱子田,Qiu Zaitian
老媽,Mom
SKH,SKH
人情味,Human touch
處理人際關係,Interpersonal
底盤工人,Chassis workers
十八鄉事委員會公益社中學,Eighteen Heung Rural Committee Kung Yik She Secondary School
誠意,Sincerity
醫院文員,Hospital Clerk
能力好,Good ability
學歷高,Educated
材能,Caineng
廠工,Factory worker
馬可賓,Mark Penn
餐飲業,Catering
創造力,creativity
"身材,樣貌","Figure, appearance"
服務,service
TTCCC,TTCCC
有相對工作崗位的能力,Has the ability to relatively jobs
收貨員,Receiving clerk
面包師傅,baker
可以OT,可以 OT
臨時應變能力,Temporary resilience
"學生, 兼職補習","Students, part-time tuition"
MULTI-LANGAUGE,MULTI-langauge
　毅智,Yi Chi
談吐得體,Decent conversation
有熱誠,There enthusiasm
開朗樂覲,Cheerful music Kun
車手,Rider
個人經驗,Personal experience
語文,Chinese
水吧,Water bar
毅力,perseverance
有各地語言,There are around Languages
CPCYDSS,CPCYDSS
Lo Kim Ting Mem Collage,Lo Kim Ting Mem Collage
學習態度好,Learning good attitude
SUHK,Of sugar
修養,training
家務,housework
好叻,Good Lat
高洞察力,High insight
元朗天主教中學,Yuen Long Catholic Secondary School
青年會,YMCA
呂祥光,Lui Cheung Kwong
學業,Schoolwork
靈活,flexible
 地盤,ground
做得到既,Do both
十八鄉,Shap Pat Heung
HDC,HDC
業主收租,Owners rent
做得野,Doing wild
語言的能力,Language ability
香港中文大學,Chinese University of Hong Kong
工作能力,Ability to work
不要求高薪,It does not require paying
食務,Food Service
設計師,Designers
廚房,kitchen
QESOSASS,QESOSASS
待事,Pending matter
工地,Construction site
溝通能力高,High communication skills
善良,Kind-hearted
趙律修紀念中學,Zhao Law Sau Memorial Secondary School
工作態度好,Good work attitude
活動,activity
有想法,have a thought
有信心,Have confidence
開餐廳,Restaurant open
有管理能力,Have management skills
任勞任怨,hard working
TJSEC,TJSEC
不驕不燥,Not arrogance does not dry
社交,Socially
嶺南大學,Lingnan University
督背隻,Tokuse-seki
行為,behavior
證券,Securities
不怕吃虧,Not afraid to lose
馬會文書,马会文 book
為公司著想,For the sake of the company
冷靜,calm
小學生,Pupils
經,through
耐心,patient
包裝員,Packers
有口才,There eloquence
nop,nop
生產員,Production staff
學生,student
信任,trust
QESOSA,QESOSA
工廠,factory
gigamind,gigamind
清潔工人,Cleaner
有心,Determined
貨船工人,Cargo Workers
水喉工人,Plumbing worker
在家,At home
搬運,Transport
樣子,Appearance
勇於表達意見,The courage to express their views
大學生,College Students
TSWCPS,TSWCPS
負責任,Responsibility
獨立,independent
忍耐,patience
自由工作,Free work
鄧中,Deng
天水圍循道,Tin Shui Wai Methodist
公司老闆,Company boss
比起人勝任之處,Compared to place qualified people
識得更多才華,To know more talent
技能多,Skills and more
沒有,No
有才華,Talented
教學助理,Teaching Assistants
電器技工,Electrical mechanic
身材,figure
聽教,Listen to teach
好態度,Good attitude
有毅力,Perseverance
培圣,Pei St.
雜工,Porter
PT,PT
應變反應,Strain reaction
學歷速度快,Degree speed
拼搏,Fighting
TSWML,TSWML
有熱情,Enthusiastic
教師,teacher
JTC,JTC
CCCMKC,CCCMKC
工程管理,Engineering Management
勇於嘗試的,Adventurous
親切,kind
Tsun,Tsun
精通,proficient
學過D咩,D learned baa
TWGHSLKT,TWGHSLKT
裘錦秋,Ju Ching Chu
口才好,Eloquent
由低做起,By the low salaries
整車,Vehicle
肯學,Willing to learn
危機應變高,Crisis response high
CECE,CECE
城大,CityU
自僱人仕,Self-employed
研究,the study
有人際關係,There are human relationships
SKHBBSS,SKHBBSS
做事實力,Strength work
公司職員,Staff
HKCC,HKCC
有良好工作能力,Have a good ability to work
擅溝通,Good at communication
嶺南進修學院,Lingnan Continuing Education
導師,tutor
伊湯中,Iraq soup
飲食業,Catering
伊中,Iran and
手觀,Hand View
自發性,Spontaneity
英皇書院,King&#39;s College
地盤,ground
感冒險,A sense of adventure
東華三院鄘錫坤伉儷中學,Mrs Tung Wah Yong Xi Kun High School
中電,CLP
BU,IT
有創意,creative
英文能力高,High English ability
TTCEC,TTCEC
保良局董玉娣中學,Po Leung Kuk Tang Yuk Tien College
謙虛,modest
對工作的認識,Understanding of work
可靠,reliable
待應,Should be
戰士,warrior
TJLCEC,TJLCEC
圓玄妙法寺陳呂重德,Round Chan Lui Chung Tak Temple mysterious law
伊麗莎白舊生會中學,Elizabeth Old Students&#39; Association Secondary School
髮型師,hairstylist
做事有效率,Work efficiency
學生，兼職老人院助理,"Students, part-time nursing home assistant"
會計師,Accountants
宣道會陳瑞芝紀念中學,Christian Alliance SC Chan Memorial College
李兆基小學,Lee Shau Kee Primary School
SPHRCKYSSS,SPHRCKYSSS
總裁,Chairman
成績好,Good results
佛教茂峰法師中學,Buddhist Mau Fung Secondary School
賽馬會體藝中學,Jockey Club Ti-I College
我有足夠的信心勝任職位,I have enough confidence in the competent office
TSTS,TSTS
聖公會白約翰會督中學,Anglican Bishop John White Middle School
好身材,Good shape
旅遊,tourism
識潛規則,Know the unspoken rules
工作經驗,work experience
維修機器,Maintenance machines
負責,Be responsible for
救生員,Lifeguard
室內設計,Interior design
KSlu,KSlu
安全督導員,Safety Supervisor
坦誠,Frank
建築工頭,Construction Foreman
有活力,Energetic
LKL of MFBM,LKL of MFBM
SFFAYYL,SFFAYYL
責任感,Responsibility
拔萃女書院,Diocesan Girls&#39; School
飲品店,Beverage shop
CASCCMC,CASCCMC
hardwork,hardwork
投入,Put in
熱心,enthusiastic
your respone,your respone
不清楚,Unclear
RESOPSIBLE,RESOPSIBLE
精神,spirit
商會,Chamber of Commerce
散工,Casual workers
擁於嘗試,Yong to try
有高的分析能力,High analytical capacity
點心師父,Dessert master
水務處督察,Water Supplies Department Inspector
診所助理,Clinic Assistant
STYAYYC,STYAYYC
台灣國立師範大學,National Taiwan Normal University
送文件,Send files
TVE,TVE
身高,height
領導能力,leadership
車,car
TKWSS,TKWSS
有社交能力,There are social skills
有誠意,Sincerity
高度,height
恆心,perseverance
快速,fast
詚誠,詚 Cheng
老實,honest
積極心,Active heart
與客戶溝通,Communicate with customers
自我能力,Self-ability
有思想,Thinking
SKHSSLMC,SKHSSLMC
shung tak cathoroz english college,shung tak cathoroz english college
珠海學院,Zhuhai College
適應能力,adaptability
有咩經驗,Youmie experience
自理,Themselves
我會將勤補拙,I will be diligent fool
STCEC,STCEC
領袖特質,Leadership qualities
兼職：卡拉ok,Part-time: Kara ok
社工,Social worker
成績,Achievement
運輪,Transport wheels
自我要求高,Self-demanding
yyc,yyc
樂天,Lotte
天官中學,Day official high school
should have patrence,shouldnt have patrence
兼職售貨員,Part-time salesman
可道中學,Dao College
中華基督教會方潤華中學,CCC Fong Yun Wah Secondary School
能力高,High capacity
付責任,With responsibility
認真工作,Work hard
CAC,CAC
"侍應,工程","Waiter, engineering"
CUHR,CUHR
圓玄學院妙法寺內明陳呂重德紀念中學,Yuen Yuen Institute Lotus Temple Ming Chan Lui Chung Tak Memorial School
人品/品行,Character / conduct
可道,Dao
勤奮不懈,Hardworking
說話能力,Ability to speak
趙中,Zhao
尊理,John Li
好表現,Good performance
有高體能,High fitness
文筆好,Good writing
元朗天主教,Yuen Long Catholic
街頭霸王,Street Fighter
何福堂,Hoh Fuk Tong
CLL Kei Yuen Collage,CLL Kei Yuen Collage
不定,indefinite
耐力,endurance
官中,Officer in
人,people
LMIMS,LMIMS
經驗,experience
Shung Tak Catalic English collage,Shung Tak Catalic English collage
有領導力,There Leadership
社區保姆,Community nanny
西英,West of England
十八鄉公益社中學,Shap Pat Heung Yik She Secondary School
勤奮,diligent
保密,Secrecy
MTR,MTR
馬振玉,Ma Zhenyu
教育,education
多元化技能,Diversified skills
"mami,papa","Mom, Dad"
技巧,skill
保良局羅傑承1983中學,Steven Lo Po Leung Kuk 1983 high school
能幫老闆或其他上司/同事,Help boss or other superiors / colleagues
相關工作的活動或經驗,Activity or related work experience
優點,advantage
培道中學,Pei Secondary School
浸信會永隆中學,Baptist Wing Lung Secondary School
談吐/言行,Conversation / deeds
屯門毅進,Tuen Mun Yi Jin
努力工作,work hard
良好態度,Good attitude
梁雪蓮,Liang Xuelian
攝影,photography
誠懇,sincere
英文水平,English level
靚仔,Handsome
願意吃苦,Willing to endure hardship
流暢英語,Fluent English
多工作經驗,Much work experience
物流,Logistics
長相,Appearance
VTC,VTC
takafive,takafive
"Student, 暑期工","Student, summer jobs"
明德,Matilda
有個性,Personality
critial thinking,critial thinking
problem soloving,Problem soloving
抱負,ambition
有時間觀念,Concept of time
中華基督教會青年會中學,CCC will YMCA Secondary School
KFC,KFC
intership in different theatre,intership in different theater
ENGENEER,Engeneer
銷售員,Seller
有自信心,We have self-confidence
Delccy,Delccy
OU,OR
DKC,DKC
教練,coach
楊日霖,Lin Yang day
自家品牌,Own brand
郭中,Guo
方潤華,Fong Yun Wah
團隊創作,Creative team
HKMA,HKMA
對答如流,Fluent
商中,Suppliers in
文事,Wen Shi
酒店業,Hotel industry
秘書,secretary
兼職待應,Part-time should be
HKsasps,HKsasps
工人,worker
香島,Island
應變能力,Resilience
電力技工,Power mechanic
清潔員,janitor
天中,Days
頭髮長度,Hair Length
小型家電,Compact appliance
佛教戍峄,Buddhism Shu Yi
Shung Tak Cathalic English Collage,Shung Tak Cathalic English Collage
HKV,HKV
南屯門官立中學,South Tuen Mun Government Secondary School
宣中,Declared in
恆津,Heng Jin
放映員,Aired members
具領導力,With Leadership
法語,French
聖公會西門呂明才中學,Simon SKH Lui Ming Choi Secondary School
效力,Effect
QESDSA TKWSS,QESDSA TKWSS
天官小,Day official small
HKu space,Hku space
裝修,Decoration
性格,character
剪髮師,Haircut division
酒店經驗,Hotel Experience
香港知專設計學院,Hong Kong Design Institute
青中,Youth in
智慧,wisdom
貿易,trading
經理(飲食業),Manager (Catering)
KYW,KYW
設計員,designer
鄉議局,Heung Yee Kuk
積極樂觀,Positive and optimistic
肯捱苦,Willing to endure hardship
服務性行業,Service industry
manger,eat
待購員,Members to be purchased
不怕艱辛,Not afraid of hardships
處理成?,Processed into?
脾氣好,good temper
跟車,With car
明星,Celebrity
Intern,Internal
DSE成績,DSE 成績
有咩能力,Youmie capacity
零售,retail
LKT,LKT
創業,Venture
美容師,Beautician
hku space,hku space
DELIA BROAILY,DELIA BROAILY
食物,food
友善,friendly
MKG,MKG
爸媽,Mom and Dad
汁生能力高,High juice Viability
興趣,interest
Pui shing,Pui Shing
司機,driver
中港司機,Hong Kong driver
天循,Day cycle
TJCEC,TJCEC
醫務人員,Medical staff
Tltei,Tltei
有成績,There are scores
汽車生意,Car business
工作熱誠,Work ethic
陽光,sunlight
成績優,Excellent performance
有原則,Principled
TJECE,Ological
榮茵,Wing Yan
快狠準,Fast ruthless quasi
應對,response
銀行,bank
機場服務員,Airport staff
老細,Old fine
保建員,Bao Jian member
服裝,clothing
守規則 e.g.守時,Eg observe punctuality rules
鄉中,Township
識講嘢,Ye know talk
OXGRAD,OXGRAD
守時0,Punctuality 0
有良好英文能力,Good English skills
EQ高,EQ high
家護助理,Home care assistant
HKDI,HKDI
老闆娘,Boss
全職主婦,Full-time housewife
梁銶琚,Leung Kau Kui
搬貨員,Members move cargo
快,fast
打字快,Fast Typing
解難能力,Problem solving skills
TJLEC,TJLEC
修理,Repair
dsigner,Dsign
信心,confidence
城市大學,City University
宣道,Christian and Missionary Alliance
領導能力較佳,Leadership preferred
鄧佩瓊,Tang Pui King
耐性,Resistance
基元,Primitives
monther,monther
賽馬會,Jockey Club
該工作的相關資格,Relevant qualifications for the job
耀道中學,Yao Dao Secondary School
劉金龍,Liu Jinlong
視光師,Optometrists
我非常有領導能力,I have leadership skills
仲能好,Chung can be good
PKC17,PKC17
南亞路德會述恩中學,"South Asia, said Grace Lutheran Secondary School"
包裝,package
公司,the company
CUHK,CUHK
對公司有利,Benefit the company
採購員,buyer
資格,qualifications
藥房,pharmacy
有禮貌,polite
收租,Rent
家庭狀況,Family status
家庭服務,Family Services
學生!,student!
甜品師,Dessert division
不遲到,Do not be late
"搬貨,學生","Move cargo, students"
回應,Responses
Lingnam university ,Lingnam university
整理能力好,Good finishing ability
自信.,confidence.
的士司機,Taxi drivers
基督教香港信義會元朗信義中學,ELCHK Yuen Long Lutheran Secondary School
yLPSS,yLPSS
肯捱,Willing to endure
廚房PA,Kitchen PA
懂得交際,Understand communication
樂於助人,Helpful
肯認錯,Willing to admit
解難,Problem-solving
有相對工作崗位的智識,There are relatively intellectual jobs
RETIVED,RETIVED
機智,witty
酒店,Hotels
女強人,Woman
GLSC,GLSC
保良局百週年李兆忠紀念中學,Po Leung Kuk Centenary Li Shiu Chung Memorial School
收銀,Cashier
倉務,Storeworker
外表好看,Looks nice
忍耐力,endurance
大八鄉中,Big Eight Township
盡責,Diligence
鴨,duck
公司資料,Company Information
羅桂祥中學,KS Lo College
眼神交流,eye contact
技術維修,Technical maintenance
談吐清晰,Clear conversation
JCC,JCC
運輸,transport
ylmass,ylmass
"慣於思考問題所在,而非言過其實","Accustomed to ponder the problem, rather than an overstatement"
貨櫃,Container
懂得打字,Typing know
"student, 待應","student, should be"
倉務員,Storeworker
好的態度,Good attitude
7仔,7 Aberdeen
有好的人才關係,There are good people relationship
TSWMI,TSWMI
父親,father
董玉娣,Dong Yudi
技術,technology
說話技巧,Speaking Skills
幼稚園老師,Kindergarten teacher
工程主任,Director of Engineering
強勁,Powerful
RESOSASS,RESOSASS
TINGSS,TINGSS
ceo,all
決心,determination
接待，補習,"Reception, tutoring"
顏值高,Yen value is high
美容,Beauty
耐苦,Bitter resistance
獨立處理工作,Work independently
互相合作,co-operate
HKUST,HKUST
可解決問題,Solve the problem
路德會呂祥光中學,Lui Cheung Kwong Lutheran Secondary School
警員,Constable
善解人意,Darkie
電子工程師,Electronics Engineer
擦鞋,Shoe
5知,5 know
印刷業,Printing industry
中學,High school
謙厚,Qian thick
鄺鍚伸伉儷,Mrs Kwong Sik stretch
失業,unemployment
HKBU,HKBU
個人態度,Personal attitudes
工作速度,Working speed
高人,Supreme
親和,Affinity
stmgss,stmgss
　技工,Skilled worker
不怕蝕底,Bottom afraid eclipse
IDC,IDC
天主教郭得勝中學,Kwok Tak Seng Catholic Secondary School
冇,Nuisance
eshop,shop
"會執行被這予之職務,並思考其意義","Will perform his duties was to this, and think about its meaning"
果斷,decisive
工程,engineering
祟真,Shung true
全職學生,Full-time students
教琴老師,Teach piano teacher
保良局百周年李兆忠紀念中學,Po Leung Kuk Centenary Li Shiu Chung Memorial School
車場,Yard
PLCC,PLCC
PT7-11/補習導師,PT7-11 / tutors
聖心,Sacred Heart
雙休日,Saturday and Sunday
願學習,Willing to learn
守信,Trustworthy
機場,airport
文員,clerk
與客人調情能力,The ability to flirt with the guests
漂亮,Beautiful
足夠的毅力與自信心,Enough willpower and self-confidence
祕書,secretary
想象力,Imagination
HKu,Hku
醫生,Doctors
肯付出,Willing to pay
表達能力好,Good communication skills
水手,sailor
學校護士,School nurses
鄧兆棠中學,Tang Siu Tong Secondary School
時間觀念,sense of time
候過中,Waiting too in
侍應,Waiter
趙律修,Zhao repair law
FYW,LIVE
探員,Detectives
工作效率高,high working efficiency
識員,Members know
維修,service
保良局董玉姨中學,PLK DONG Yu aunt Secondary School
KLL,CLL
店主,Shopkeeper
TST,TST
工程管工,Engineering Foreman
有獨立思考,Have independent thinking
恆生管理學院,Hang Seng Management College
叻,Lat
對答流利,Fluent fluent
工程師主管,Engineers in charge
嚴肅,serious
PUNCTAL,Puncture
伊利莎伯旧生會中學,Elizabeth Old Students&#39; Association Secondary School
長沙灣天主教中學,Cheung Sha Wan Catholic Secondary School
應變強,Strong strain
YLMASS,YLMASS
馬會,Jockey Club
游水教練,Swimming Coach
鐘點工人,Part-time people
創意,Creative
邏輯思維不俗,Good logical thinking
張煊昌,Thomas Cheung
做事有條理,Things organized
女拔,Female Stubbs
好人品,Good character
嫲嫲,mom
"全職,經理人(不便透露公司)",Full-time managers (disclose company)
信實,Reliance
學歷,Educational background
技能,skill
責任,responsibility
工作時間長,Long working hours
Lingnen University,University Lingnen
總裁夫人,President and Mrs.
SSLMC,SSLMC
虛心聆聽,Humbly listen
工作好,Good work
解決問題能力,Problem-solving skills
懂電腦,To understand computer
充足準備,Adequate preparation
能與別人合作,To cooperate with others
工作率高,Work rate
應變力,Resilience
hong kong commuity collage,hong kong commuity collage
commumiation skill,commumiation skill
會用電腦,Use a computer
武鬥家,Resorting to violence at home
自由,free
協作能力,Collaboration
助護,Help protect
樂善堂梁球鋸學校,Lok Sin Tong Leung ball saw school
白約翰,John White
禮貌,courtesy
唔知,Do not know
外婆,Maternal grandmother
都要睇你搵咩工架,Air should you Wenmiegongjia
天主教培聖中學,Pui Shing Catholic Secondary School
生產,produce
專注力,Mindfulness
住宅主任,Residential Director
家務助理,Domestic Helper
過身,Passed away
有善,kind
CCC Ming Yin College,CCC Ming Yin College
puntural,puntural
順德聯誼總會翁祐中學,STFA Yung Yau College
外語能力,Foreign language skills
容易與人溝通,Easy to communicate with people
辦事能力高,High competence
服從,obey
分析能力,Skills of analyze
CEO,CEO
文書,document
翁佑,Weng Yu
教會幹事,Church Officers
媽,mom
不怕辛苦,Afraid of hard work
勇於承擔,The courage to take
英文強,English strong
批判思考,Criticism thinking
有責任心,Responsible
HKPU,HKPU
性格開朗,Cheerful personality
能減輕僱主負擔,Employers can reduce the burden
講是非,Lecture Come
能幹,capable
分寸,Sense of proportion
財政,financial
團隊精神,Teamwork
大智若愚,Taizhiruoyu
無,no
有領導才能,Leadership ability
sino,but
QWSOSASS,QWSOSASS
不知道,do not know
東華學院,Donghua College
聰明/隨機應變能力,Clever / resourcefulness
轉數快,Fast forward a few
天水圍循道衛中學,Tin Shui Wai Methodist Secondary School
唔怕蝕底,唔怕 eclipse bottom
基朗中學,Geelong High School
身體好,Good health
與人合作,Cooperation with others
TCSS,TCSS
普通話,Mandarin
PARTIME教學助理,PARTIME teaching assistants
元朗信義中心,Yuen Long Lutheran Center
TJwmc,TJwmc
效率,effectiveness
鄧佩,Deng Pei
踏實,Ease
浸大,HKBU
QEAPS,QEAPS
處理事情,Deal with things
循中,Through the
能吃苦,Hardworking
salon,living room
健康,health
急才,Anxious only
網上銷售員,Online Seller
沉穩,Calm
行政同工(教會),Administrative co-workers (church)
流利的英語,Fluent English
認真,serious
水電技工,Hydropower mechanic
有耐心,Have patience
房東,landlord
骨師,Bone division
中電工程師,Power Engineer
舞蹈老師,Dance teacher
語言才能,Language ability
反應快,fast reaction
屯門官中,Officer in Tuen Mun
雞,chicken
辛亥,Xinhai
伊小分校,Ina small campus
病,disease
機場行理服務員,Airport line management staff
兼職小學教師,Part-time primary school teachers
飛機場人員,Airport staff
健身教練,Fitness coach
木匠,carpenter
　導師,tutor
　保險,Insurance
行政主任,Executive Officer
琴行老師,Piano teacher
0,0
裴錦秋,Pei Jinqiu
有錢佬,Wealthy man
decipline,decipline
HK,HK
汽車維修,car repair
patrent,patrent
地鐵,subway
工作能力高,High working capacity
決斷力,Determination
政府,government
個人所長,Individual director
聖保羅男女中學,St. Paul&#39;s Co-educational College
主動學習,Active Learning
青田花花大學,Qingtian Floral University
維修工人,Maintenance workers
一點就通,One-click
元天,Yuan days
對自己有要求,They have a claim on
學位,Bachelor of Science
盡力做好每一件事,Try to do everything
高工作效率,High efficiency
mulit-tasking,mulit-tasking
hksasps,hksasps
天水香島,Tianshui Island
自信心,Self-confidence
CONTIDENT,CONTIDENT
元朗公立,Yuen Long Public
十八鄉小學,Shap Pat Heung Primary
博彩,Betting
有經驗,has experience
時間管理,Time Management
歌手,singer
臨危解決問題,Threatened to solve the problem
順從中央,Obedience Central
勤勞,industrious
衣服,clothes
運輸工人,Transport workers
主動性,Initiative
點解你想知,Why you want to know
處事圓滑,Business acumen
專心,concentrate
一心多用,Multitasking
"個人本身的特質, 例如:獨特外専長、胸琴","The individual&#39;s own characteristics, such as: unique outer Graduate long, chest piano"
熱心助人,Eager to help others
打字,type
音樂老師,music teacher
中港貨車,Hong Kong truck
CASUMC,CASUMC
待人處事能力,Dealing with people capacity
NTHYKYLDSS,NTHYKYLDSS
變通,Flexible
男拔,M Stubbs
守時,Be punctual
"Student, 補習老師","Student, tutor"
鄧佩瓊紀念中學,Tang Pui King Memorial Secondary School
QESOSTSS,QESOSTSS
富有,rich
知識,know how
學識,Learning
決斷,decision
汁生,Juice production
建築師,architect
退休,retirement
伊湯,Iraq soup
忠心,loyalty
建築行業,achitechive
衣裝,clothes
　推銷,sell
整朱古力,Whole chocolate
了解該行業,Learn the industry
qesosass,qesosass
牛頓,Newton
太空人,astronaut
電話店老闆,Phone shop owner
四肢,Four limbs
yo,I
語言能力,language skills
管工,Foreman
決策能力,Decision-making capacity
導遊,Tourist guide
元朗公立大學,Yuen Long Public University
協商,Consult
口才,eloquence
兼職,part time
裘錦秋中學(元朗),Ju Ching Chu Secondary School (Yuen Long)
年齡,age
工作有效率,Work efficiency
翁,Old man
香港青年協會李兆基書院,Hong Kong Federation of Youth Groups Lee Shau Kee College
進取,Enterprising
測量員,surveyor
領袖才能,Leadership
懂得流利的多國語言,Understand fluent in multiple languages
有上進心,Motivated
手機,Phone
大膽,Daring
細心,careful
修車,Repair
人綠好,Green is good people
個人特質,Personal qualities
整潔,tidy
崇德,Zonta
地盤工人,Manual workers
開朗積極,Cheerful and positive
團體合作,Group cooperation
運貨,Shippers
頁願意幫助人,People willing to help page
識轉變,Knowledge transformation
創意/想像力,Creativity / imagination
有恆心,Perseverance
服務業,Services
saler,salt
勁,strength
協恩中學,Grace Middle School Association
對自己的肯定,Affirmation of their own
　祟德,Zonta
對自己的能力有自信,Confident of their ability
CYMA,CYMA
善於溝通,Good communication
18鄉村,18 village
反性,Anti-sex
制衣,Clothing
有應變能力,There resilience
國際合作,global cooperation
電工,electrician
要求少,Less requirements
剛中學畢業,Just graduated from high school
外表,Outward
勇於嘗試,The courage to try
KYC,KYC
伯約翰,Bo Yuehan
天官,Day official
無業,Unemployed
有腦,Brain
伊利沙伯中學舊生會中學,Queen Elizabeth School Old Students&#39; Association Secondary School
處事能力快,Fast their capabilities
符合工作能力,In line with the ability to work
有領導能力,Leadership ability
勤力用心,Hardworking intentions
　售貨員,Salesperson
方潤華中學,Fong Yun Wah Secondary School
用心做,Hard to do
二爸爸,Two dad
優秀,excellent
SHUNG TAK,SHUNG TAK
責任心,Responsibility
天水圍管立中學,Tin Shui Wai canal Secondary School
perservant,perservant
裘錦秋中學,Ju Ching Chu Secondary School
善於交際,good at socializing
醫院助理,Hospital assistant
藥廠員工,Pharmaceutical staff
溝通能力強,Strong communication skills
不怕被責備,Afraid of being blamed
採搆,Mining Structure
ITT,HERE
裘錦秋(元朗),Ju Ching Chu (Yuen Long)
16,16
保母,Child
過往的工作經驗及表現,Previous work experience and performance
人際能力,People skills
董玉娣中學,Dong Yudi Secondary School
天主教祟德書院,Shung Tak Catholic College
有好多正能量,There are a lot of positive energy
蛋糕師傅,Cake baker
勇氣大,Great courage
同理心,empathy
SLP,SLP
儀容,Appearance
LKTMC,LKTMC
JTCEC,JTCEC
信義中學,Lutheran Secondary School
個人能力,Individual ability
羅柱祥,Luo Zhuxiang
物業顧問,Property Consultants
工作能力強,Strong ability to work
宏信書院,Henderson College
"自信,笑容","Confident, smile"
伊利沙伯父中學舊生會中學,Queen Elizabeth School Old Students&#39; Association Secondary School Parent
金融,financial
外向,Outbound
口才得,Eloquence was
　維修人員,Maintenance staff
電氣技工BOSS ,Electrical mechanic BOSS
淡定,Calm
TPK,TPK
述恩中學,Said Lutheran College
Student,Student
天主教崇德英文書院,Shung Tak Catholic English College
不樣衰,Not like bad
倉庫,warehouse
工作認真,Work hard
書店,bookstore
非常叻,Very smart
CYMASS,CYMASS
工廠員工,Factory workers
售貨員,Salesperson
冷氣技工,Air-conditioning mechanics
13,13
上圍,Wai
水務處,Water Supplies Department
加油站,Gas station
PLKCLSCMC,PLKCLSCMC
不會放棄,Will not give up
點心師傅,Pastry chef
建造業,Construction Industry
祟德,Zonta
裝修老闆,Decoration boss
技術人員,Technical staff
復七,Recovery seven
守規,Compliance
自願性,Voluntary
方中,Prescriptions
謹慎性格,Cautious character
成績理想,Ideal results
QTKSS,QTKSS
出身,Graduate
食物製作員,Food Producer
努力?,Efforts?
樂於與人合作,Willing to cooperate with people
做雞,Cooking chicken
東華三院郭一葦中學,TWGHs Guo Yiwei high school
升,Rise
李兆基,Lee Shau Kee
程式員,Programmers
高,high
食得苦,Food was bitter
元朗鄉議局,Heung Yee Kuk Yuen Long
父母,parents
英語,English
勇於嘗試、創新,"The courage to try, innovation"
應變能力高,High resilience
人際,When people
TICEC,TICEC
處事能力,Their capabilities
個體,individual
監房,cell
SALMILC,SALMILC
機械工人,Machinery Workers
PUNTUAL,PUNCTUAL
好的社交能力,Good social skills
房屋處文員,Housing Office Clerk
32,32
ESOSASS,ESOSASS
YTT,EHS
待人態度,Attitude of others
面對問題能力,The ability to face the problem
化妝師,Makeup artist
機場清潔,Airport Cleaning
lndustial,lndustial
英文好,Good English
送貨員,Deliveryman
李求恩,Lee Bethune
西門呂明才,Simon Lui Ming Choi
能堅持,To adhere
侍應王,Waiter Wang
CYMCASS,CYMCASS
順德聯誼總會譚伯羽中學,STFA Tanbo Yu High School
穩定,stable
兼職侍應,Part-time waitress
有承擔,There are bear
溝通/合作能力,Communication / cooperation capacity
溝通,communication
天水圍官立中學,Tin Shui Wai Government Secondary School
YLCSS,YLCSS
慬慎,慬 Shen
PARTIME補習,Partime 補習
有條理,Methodical
身體健康,Healthy body
餐飲,Catering
冷靜成熟,Cool Mature
TSCEC,TSCEC
水務署技工,WSD mechanic
技工,Skilled worker
31,31
對答流暢,Fluent fluent
工作快,Work fast
上進,Motivated
具責任感,A sense of responsibility
全職,full time
順德聯誼會梁銶琚學校,STFA Leung Kau Kui School
講野叻,Speak wild Lak
貨車司機,truck driver
電子科技,Electronic Technology
雲石工人,Marble workers
有誠心,There are sincere
裘記,Jo Hutchison
解決能力,Address capacity
媽媽,mom
大隻,Daiseki
一定要講？,Will talk about?
老闆,boss
LKKB,LKKB
公務員,Civil Servants
業務主任,Director of Operations
HKMAKSLO,HKMAKSLO
裝飾師傅,Decoration master
人緣,Popularity
會話,Conversation
CCC Kei Yuen College,CCC Kei Yuen College
博愛醫院鄧佩瓊紀念中學,Pok Oi Hospital Tang Pui King Memorial College
領導經驗,Leadership experience
cert,some
JCCSSYL,JCCSSYL
印刷,printing
社交技巧,Social skills
具創意,Creative
個人學歷,Personal education
體力,physical strength
有學歷,Yes Education
肯吃苦,Willing to endure hardship
鍾聲,Bells
謙遜,humble
求知,Knowledge
"能掌握(留)俐普通話,英語","Can grasp (left) Li Mandarin, English"
YLPSS,YLPSS
設計,design
反應,reaction
醒,wake
能與人相處,Get along with people
慬多國語言,Qin multiple languages
管理,management
對該職業的熱誠,The enthusiasm of the profession
明愛專上學院,Caritas Institute of Higher Education
QRSOSHSS,QRSOSHSS
HKFG,HKFG
管理團隊,management team
思考細密,Reflection fine
潮陽百欣,Chaoyang Por Yen
可藝,Ngai
樣靚,Like Liang
KYWC,KYWC
酒樓,Restaurant
操行好,Good conduct
polyU,polyU
自主性,Autonomy
為自己努力,For their efforts
資歷,Background
技術工人,Skilled workers
獨立能力,Independence
天生聰明,Born clever
有勇氣,Courage
管理才能,Management skills
好學,Studious
同上,Ditto
循小,Through small
心,heart
補習,TUTORIAL
組織能力,Organizational skills
自雇人士,self employed
不介意OT冇補水,Nuisance water do not mind OT
LCK,LCK
辦事能力,Competence
財務,Finance
東華三院中學,TWGHs Secondary School
能力,ability
celve,celve
北京人民大學,Beijing People&#39;s University
合作,Cooperation
林百所中學,I&#39;m one hundred high school
工程師,engineer
HKEYG LEE SHAV KEE COLLEGE,HKEYG LEE SHAV KEE COLLEGE
學習水平,Learning levels
"父母親, 老師","Parents, teachers"
與人相處融洽,Get along with others
舉止有禮,Manners and polite
高自我管理能力,High self-management skills
周遊列國,Travel around the world
　雜貨店,grocery store
良好溝通,Good communication
表達能力,expression ability
農夫,farmer
剪髮,Haircut
外貌,appearance
員工,Employee
責任人,Responsible
電腦,computer
工作的能力,Ability to work
職業主婦,Occupation housewife
船務,Ships
TPR,TPR
邏輯思維,logical thinking
大愛包容,Inclusive love
14,14
OUHK Lipace,OUHK Lipace
語文能力,Language proficiency
HTSPS,HTSPS
金巴倫,Cumberland
個人自信心,Personal self-confidence
小提琴老師,Violin teacher
水喉師傅,Plumbing master
合作能力,Cooperation capacity
馬賽會毅智書院,Marseille will Yi Chi College
幼稚園書記,Kindergarten secretary
設廠,Factories
嶺南大學社區學院,Community College at Lingnan University
能言善解,You can speak benevolent
元朗信義中學,Yuen Long Lutheran Secondary School
變態nice,Metamorphosis nice
家庭,family
平,level
工作經驗高,Experience high
自理能力,Self-care ability
OT唔洗比錢,OT Wuxi than money
郵差,postman
NTHYKL,NTHYKL
交際能力,Attached ability
大學畢業,Graduation
私人,private
在找工作,Looking for work
易受控,Easy Controlled
相關科目學歷,Education related subjects
解難能力高,High problem-solving ability
CCCKYC,CCCKYC
酒店經理,Hotel Manager
CLL Kei Yuen College,CLL Kei Yuen College
良好表達,Good expression
領導,leadership
誠實,honest
能鼓舞員工/增加士氣,Inspire staff / increase morale
有溝通技巧,There are communication skills
應變,strain
RETORE,Rhetorician
找換,Money exchange
守規則,Abide by the rules
主動,initiative
1,1
信德,Sindh
帥,Shuai
伯裘書院,Pak Kau College
唔煩,Well bother
準時,on time
宣道中學,CMA Secondary School
?,?
堅定,firm
湯國華,Tang Guohua
郭一葦中學,Guo Yiwei high school
自律,Self-discipline
努力,Strive
說話能力高,High ability to speak
溝通語言,Communication language
Ho Dao College,Ho Dao College
精算師,Actuary
與人溝通的技巧,Communication skills with people
生意,business
東方日報,Oriental Daily News
園藝,gardening
老師,teacher
中文,Chinese
東華三院李嘉誠中學,Tung Wah Group of Hospitals Li Ka Shing College
公司車主,Company owners
汽車修理,Auto repair
CCKYC,CCKYC
正常人,Normal
個人性格,Personality
會計文員,Accounting Clerk
機械維修,Mechanical maintenance
有工作經驗,Work experience
人格,Personality
TWGHS Lo Hon Ting Memorual Collega,TWGHS Lo Hon Ting Memorual Collega
有大志,There ambition
contruction insustry,contruction insustry
膽量,courage
人脈,Personal connections
警察,Policemen
"淡定,有自信","Calm, confident"
酒樓部長,Minister restaurants
HKMAKS LO,LO HKMAKS
沒工作,no job
靈活變通,Flexible
有超高智商，一個頂十個,"Super high IQ, a top ten"
洋服經理,Tailor manager
土木工程,civil Engineering
工作效能,Work Efficiency
該職位所需知識,Knowledge required for the job
張愷昌,Zhang Kai Chang
追尋理想,Search over
該工作的相關經驗,Relevant experience for the job
保安,Security
梁省德,Leung Sing Tak
食肆,Restaurants
兼職補習老師,Part-time tutors
勤努,Qin Nu
PolyU,PolyU
我唔知啊,I Do not know ah
電腦程式員,Computer programmers
　餐飲,Catering
巴士校工,Bus janitors
天主教,Catholic church
Polyu,Polyu
建築工人,construction worker
TiPko,Press
MLKLSS,MLKLSS
工作和非工作經驗,Work and non-work experience
CESOSASS,CESOSASS
打正式文件的經驗,The experience of playing an official document
好有意義嘅工作,Good generous meaningful work
操作員,operator
理工大學,University of
合群,Gregarious
SPHRCKYS,SPHRCKYS
和理非非,And Li Feifei
校工,Janitors
FTUU,FTUU
頭腦好,Good mind
YTTMC,YTTMC
政府工,Government Workers
衣著,clothes
有判斷力,Sensible
超能力,superpower
CICC,CICC
店務員,Shop Assistant
鉆貨工人,Drill cargo workers
面對逆境,The face of adversity
不知固定,I do not know Fixed
能承受壓力,Can withstand the pressure
當機立斷,make a prompt decision
語言,Language
JCCSS,JCCSS
有才幹,Capable
樹仁,Shue Yan
伊小,Iraq Small
歡樂,joy
有耐性,Patience
管理層,Management
TJCEC(毅智),TJCEC (Yi-chi)
 貿易,trading
MKP,SEED
實力,strength
工作勤奮,Hard-working
維修技工,Maintenance technicians
談話,conversation
主任,director
口才了得,Terrible eloquence
處理手法,Handling
YYC,YYC
YCKMC,YCKMC
英文水平高,High English level
商業,business
能很好的完成工作,Well completion work
母,mother
HKSYO,HKSYO
抗壓力高,The pressure is high
馬會電話投注,Jockey Club Telephone Betting
經歷,experience
裝修工人,renovation worker
"有擔當,責任心","Have to play, a sense of responsibility"
HKIED,HKIED
慎重,careful
專業知識,Professional knowledge
對該職業的認識,Understanding of the profession
chlef,chlef
電機工程,Electrical engineering
東華三院盧幹庭紀念中學,TWGHs Lo Kon Ting Memorial College
醫護人員,Health care
成績高,High scores
唐國華,Tang Guohua
good communcation,good communcation
負任心,Any negative heart
關心,concern
識多國語言,Multi-lingual knowledge
元朗幫主,Yuen Long Bangzhu
紀律,discipline
室內裝修,interior renovation
PT售貨員,PT salesman
有良好interpersonl skill,Good interpersonl skill
mkes,MKes
自己能力,Their ability
堅毅,Perseverance
體能好,Physical good
賣車,Car dealers
店長,Store manager
大富豪公關,Big Spender PR
樓面,floor
會變通,Will work
香港大學,Hong Kong university
一定要講?,Will talk about?
理財顧問,Financial Advisor
有主見,Assertive
　商人,businessman
專重別人,Designed heavy others
新界鄉議局元朗區中學,Heung Yee Kuk Yuen Long District Secondary School
大學學位,bachelor degree
抗逆能力,Resilience
會與人合作,In collaboration with people
餐廳,restaurant
和人相處融洽,And people get along well
有責任,responsible
熱愛工作,Love of work
OL,OL
良好的溝通技巧,Good communication skills
網上代購,Online Shopping
基朗,Geelong
電子,electronic
一定程度的學歷,A certain degree of education
郭一葦,Guo Yiwei
辦事效率,Efficiency
有前途,Promising
stc,STC
有錢,rich
AQ,AQ
PLKLLSCME,PLKLLSCME
有高的組織能力,High organizational skills
品格,Character
團隊合作,teamwork
領導才能,leadership
梁球鋸,Liang ball saw
TTLEU,TTLEU
好,Great
銷售,Sales
HKU Space,Hku Space
溝通能力,Communication skills
XPYPSSC,XPYPSSC
有責任感,Responsible
人際關係好,Good interpersonal relations
有用,it works
湯國華中學,Tong Kwok Wah Secondary School
態度認真,Serious attitude
　店長,Store manager
